time,seconds_elapsed,z,y,x
1758972897657042400,0.04604248046875,-0.3249027132987976,-0.2645070254802704,0.08300167322158813
1758972897666999600,0.05599951171875,-0.4144379198551178,-0.35675865411758423,0.08204133808612823
1758972897676956400,0.065956298828125,-0.5403921604156494,-0.38169941306114197,0.270626425743103
1758972897686913500,0.07591357421875,-0.6606261134147644,-0.35886362195014954,0.5399125218391418
1758972897696869600,0.08586962890625,-0.7701331973075867,-0.33204370737075806,0.7795892953872681
1758972897706826500,0.095826416015625,-0.836687445640564,-0.37724581360816956,0.9073778390884399
1758972897716783600,0.10578369140625,-0.7937290668487549,-0.4822710454463959,0.8785337209701538
1758972897726740500,0.115740478515625,-0.605056881904602,-0.6821977496147156,0.7762728333473206
1758972897736697300,0.125697265625,-0.30713438987731934,-0.7786808609962463,0.715112566947937
1758972897746654500,0.135654541015625,0.016518788412213326,-0.6515151858329773,0.5586127042770386
1758972897756611600,0.145611572265625,0.28741392493247986,-0.5596460103988647,0.25593164563179016
1758972897766568400,0.155568359375,0.42110756039619446,-0.5654418468475342,-0.10470537096261978
1758972897776525600,0.165525634765625,0.3476330637931824,-0.5445551872253418,-0.4028129577636719
1758972897786482700,0.175482666015625,0.045276932418346405,-0.40497758984565735,-0.4744812846183777
1758972897796439300,0.185439208984375,-0.36061891913414,-0.15864211320877075,-0.3568534553050995
1758972897806396400,0.195396484375,-0.6961396336555481,0.06841101497411728,-0.22446505725383759
1758972897816353500,0.205353515625,-0.8169936537742615,0.1283838003873825,-0.21896323561668396
1758972897826310700,0.215310546875,-0.7200947999954224,0.02153139002621174,-0.36087724566459656
1758972897836266500,0.2252666015625,-0.5136697292327881,-0.051301270723342896,-0.6533791422843933
1758972897846223600,0.2352236328125,-0.2825770974159241,0.0710880234837532,-1.0617767572402954
1758972897856180500,0.245180419921875,-0.05642492696642876,0.26677682995796204,-1.440172791481018
1758972897866137600,0.2551376953125,0.13134364783763885,0.31514889001846313,-1.6687215566635132
1758972897876094500,0.265094482421875,0.20837238430976868,0.3156956434249878,-1.7027455568313599
1758972897886051300,0.27505126953125,0.16911126673221588,0.21897602081298828,-1.5324018001556396
1758972897896008400,0.285008544921875,0.007081345189362764,-0.21291252970695496,-1.1195966005325317
1758972897905965600,0.294965576171875,-0.18716669082641602,-1.123456597328186,-0.4144403338432312
1758972897915922400,0.30492236328125,-0.37989139556884766,-2.2968733310699463,0.3398553133010864
1758972897925879600,0.314879638671875,-0.4465612471103668,-3.506524085998535,0.8594356179237366
1758972897935836700,0.324836669921875,-0.2879364490509033,-4.423302173614502,1.154479742050171
1758972897945793500,0.33479345703125,0.021397167816758156,-4.765773773193359,1.2450027465820312
1758972897955750400,0.34475048828125,0.31596115231513977,-4.5295915603637695,1.0264134407043457
1758972897965707500,0.35470751953125,0.503154993057251,-3.974405527114868,0.5079388618469238
1758972897975663400,0.364663330078125,0.6013561487197876,-3.238809823989868,-0.22390899062156677
1758972897985620500,0.374620361328125,0.6470708847045898,-2.5450778007507324,-1.0478087663650513
1758972897995577600,0.38457763671875,0.6273112893104553,-2.032578229904175,-1.751760721206665
1758972898005534500,0.394534423828125,0.5973339676856995,-1.8891489505767822,-2.089871883392334
1758972898015491600,0.40449169921875,0.6064715385437012,-2.130774974822998,-1.9699666500091553
1758972898025448400,0.414448486328125,0.6374664902687073,-2.7736692428588867,-1.468422770500183
1758972898035405600,0.424405517578125,0.7872112393379211,-3.7263262271881104,-0.6486784219741821
1758972898045362400,0.434362548828125,1.0949746370315552,-4.726145267486572,0.2848743498325348
1758972898055319600,0.444319580078125,1.5101239681243896,-5.466612339019775,1.0456278324127197
1758972898065276700,0.454276611328125,2.084806203842163,-5.751725673675537,1.4676342010498047
1758972898075233500,0.464233642578125,2.7776668071746826,-5.719360828399658,1.5741140842437744
1758972898085190700,0.474190673828125,3.4422361850738525,-5.501237392425537,1.3557641506195068
1758972898095147500,0.4841474609375,3.8703877925872803,-5.342471122741699,0.8736745119094849
1758972898105104400,0.4941044921875,3.9971373081207275,-5.6053595542907715,0.636588990688324
1758972898115060500,0.504060546875,3.8622288703918457,-6.3426313400268555,1.0942577123641968
1758972898125017300,0.514017333984375,3.6309304237365723,-7.08310604095459,2.205479860305786
1758972898134974500,0.523974365234375,3.492918014526367,-7.283204555511475,3.4452970027923584
1758972898144931600,0.533931640625,3.5988457202911377,-6.396204471588135,4.16101598739624
1758972898154888700,0.543888671875,3.887378215789795,-4.441014289855957,4.010370254516602
1758972898164845600,0.553845458984375,4.064558982849121,-1.8945038318634033,3.083460807800293
1758972898174802400,0.563802490234375,3.9702961444854736,0.12441356480121613,1.9021103382110596
1758972898184759600,0.573759521484375,3.5578322410583496,0.8950146436691284,1.1162610054016113
1758972898194716400,0.58371630859375,2.946593761444092,0.6058060526847839,1.086019515991211
1758972898204673500,0.593673583984375,2.214463233947754,-0.40048909187316895,1.6440916061401367
1758972898214630700,0.603630615234375,1.4800701141357422,-0.9638917446136475,2.2765543460845947
1758972898224587500,0.61358740234375,0.930690348148346,-0.766747772693634,2.525144100189209
1758972898234544600,0.623544677734375,0.5888853669166565,-0.007508782669901848,2.4897427558898926
1758972898244501500,0.63350146484375,0.40834274888038635,0.8603405952453613,2.2963995933532715
1758972898254458400,0.643458251953125,0.3099197745323181,1.2017048597335815,2.0537593364715576
1758972898264414500,0.65341455078125,0.35662975907325745,0.8810881972312927,2.0561089515686035
1758972898274371600,0.66337158203125,0.37660878896713257,0.1894543468952179,2.284238338470459
1758972898284328400,0.673328369140625,0.2922297418117523,-0.600361704826355,2.4999442100524902
1758972898294285600,0.68328564453125,0.04448970407247543,-1.1189249753952026,2.856072187423706
1758972898304242700,0.69324267578125,-0.2301407903432846,-1.2948155403137207,2.862677574157715
1758972898314199600,0.703199462890625,-0.45688286423683167,-1.1535234451293945,2.5176002979278564
1758972898324156400,0.713156494140625,-0.6720337867736816,-1.0666979551315308,2.056000232696533
1758972898334113500,0.723113525390625,-0.8653310537338257,-0.9760227203369141,1.5831669569015503
1758972898344070400,0.7330703125,-0.9715752005577087,-0.8492301106452942,0.880760908126831
1758972898354027500,0.743027587890625,-0.9747510552406311,-0.697409451007843,0.1293201744556427
1758972898363984600,0.752984619140625,-0.9364656805992126,-0.7920158505439758,-0.22698041796684265
1758972898373941500,0.76294140625,-0.9118123054504395,-1.2790521383285522,-0.24355673789978027
1758972898383898600,0.772898681640625,-0.732233464717865,-1.7072646617889404,0.11866220086812973
1758972898393855500,0.78285546875,-0.4089803099632263,-2.0172321796417236,0.5268190503120422
1758972898403811300,0.792811279296875,0.00010918960470007733,-1.9846690893173218,0.8950878977775574
1758972898413768400,0.8027685546875,0.6711916923522949,-1.751678228378296,1.0065313577651978
1758972898423725600,0.8127255859375,1.1839524507522583,-1.2952231168746948,1.0250238180160522
1758972898433682400,0.822682373046875,1.5460803508758545,-0.5637693405151367,0.8026301264762878
1758972898443639600,0.8326396484375,1.8078861236572266,-0.6895602941513062,0.34983229637145996
1758972898453596700,0.8425966796875,1.7889419794082642,-0.8325507640838623,0.2469722330570221
1758972898463553500,0.852553466796875,1.6027116775512695,-0.49452877044677734,0.34519973397254944
1758972898473510400,0.862510498046875,1.6589088439941406,0.30726248025894165,0.3491702377796173
1758972898483467500,0.872467529296875,1.8760899305343628,1.0578957796096802,0.17599979043006897
1758972898493424400,0.88242431640625,2.054537534713745,1.4850432872772217,-0.036307673901319504
1758972898503381500,0.892381591796875,2.374664545059204,1.2104469537734985,-0.19024796783924103
1758972898513338600,0.902338623046875,2.9355292320251465,0.08807233721017838,-0.0939086526632309
1758972898523295500,0.91229541015625,3.313258171081543,-1.5256229639053345,0.18523430824279785
1758972898533252400,0.92225244140625,3.8066184520721436,-2.890176296234131,0.36858177185058594
1758972898543208700,0.932208740234375,4.498243808746338,-3.692199945449829,0.530354917049408
1758972898553165300,0.942165283203125,4.692210674285889,-3.7398219108581543,0.7796332240104675
1758972898563122400,0.952122314453125,4.445099353790283,-3.2887613773345947,0.9337431788444519
1758972898573079600,0.96207958984375,4.188694000244141,-2.174302339553833,1.0728727579116821
1758972898583036400,0.972036376953125,3.9067986011505127,-0.8463565707206726,0.959900975227356
1758972898592993500,0.98199365234375,3.5132036209106445,-0.2385832816362381,0.42005959153175354
1758972898602950700,0.99195068359375,3.037360429763794,-0.34712493419647217,-0.2962369918823242
1758972898612907500,1.001907470703125,2.4526920318603516,-0.746281623840332,-1.0862154960632324
1758972898622864400,1.011864501953125,2.075497627258301,-1.4764043092727661,-2.0768494606018066
1758972898632821500,1.021821533203125,2.0412538051605225,-1.2407199144363403,-3.0474603176116943
1758972898642778600,1.031778564453125,2.295405387878418,-0.11480381339788437,-3.5084927082061768
1758972898652735700,1.04173583984375,2.65515398979187,1.672328233718872,-3.2611865997314453
1758972898662692600,1.051692626953125,2.709650993347168,2.7540740966796875,-2.393588066101074
1758972898672649700,1.061649658203125,2.1318626403808594,2.3802249431610107,-1.1272404193878174
1758972898682606600,1.071606689453125,1.3722249269485474,1.2678990364074707,0.07465692609548569
1758972898692562700,1.081562744140625,0.9538905024528503,0.20993272960186005,0.9467836022377014
1758972898702519600,1.09151953125,0.9114282727241516,-0.03891783952713013,1.4381911754608154
1758972898712476700,1.1014765625,0.7819352746009827,-0.05350104346871376,1.5803296566009521
1758972898722433500,1.11143359375,0.7267993092536926,0.2601253092288971,1.4223970174789429
1758972898732390700,1.121390625,0.9017127752304077,0.6558364629745483,1.048680067062378
1758972898742347800,1.13134765625,1.5016486644744873,0.5487281084060669,0.6445587277412415
1758972898752304600,1.1413046875,2.1690919399261475,0.4166358411312103,0.31113603711128235
1758972898762261500,1.151261474609375,2.456716299057007,0.1684609204530716,0.08445869386196136
1758972898772218600,1.161218505859375,2.5805673599243164,0.025191638618707657,-0.024714667350053787
1758972898782175500,1.171175537109375,2.4938037395477295,-0.10490670800209045,-0.06183620169758797
1758972898792132600,1.181132568359375,2.236345052719116,-0.4545648396015167,-0.07625748962163925
1758972898802089700,1.19108984375,2.170288324356079,-0.7818774580955505,-0.12691719830036163
1758972898812046600,1.201046630859375,2.554936170578003,-1.152446985244751,-0.06723576039075851
1758972898822003700,1.211003662109375,3.1271188259124756,-1.5839816331863403,0.21097934246063232
1758972898831959800,1.220959716796875,3.4361464977264404,-2.0736312866210938,0.6525974869728088
1758972898841916700,1.230916748046875,3.2194788455963135,-2.426140308380127,1.2077049016952515
1758972898851873500,1.24087353515625,2.438812494277954,-2.3466131687164307,1.7780165672302246
1758972898861830700,1.25083056640625,1.6504733562469482,-0.9819799065589905,2.055608034133911
1758972898871787500,1.26078759765625,0.9257057309150696,0.23493582010269165,1.1281847953796387
1758972898881744600,1.27074462890625,0.4016531705856323,0.43972304463386536,-0.5800793766975403
1758972898891701800,1.28070166015625,0.3615499436855316,1.5663272142410278,-1.0713680982589722
1758972898901658600,1.29065869140625,0.8626692295074463,2.0679121017456055,-0.7975131273269653
1758972898911615500,1.300615478515625,1.485447645187378,1.1328272819519043,0.0669579952955246
1758972898921572600,1.310572509765625,1.6599797010421753,-0.041547976434230804,0.6984230279922485
1758972898931529700,1.32052978515625,1.610019564628601,-0.04194585233926773,1.0003591775894165
1758972898941486600,1.330486572265625,1.2513203620910645,0.3066747188568115,1.2599670886993408
1758972898951443700,1.340443603515625,0.7003900408744812,0.27254363894462585,1.4031407833099365
1758972898961399600,1.350399658203125,0.1359458565711975,-0.04144624248147011,1.381988286972046
1758972898971356700,1.360356689453125,-0.33427998423576355,-0.4752837121486664,1.2188092470169067
1758972898981313800,1.370313720703125,-0.666183352470398,-0.9688675999641418,0.9878125190734863
1758972898991270700,1.380270751953125,-0.8322114944458008,-1.4565112590789795,0.773932695388794
1758972899001227500,1.3902275390625,-0.6923012137413025,-1.4547786712646484,0.6285622119903564
1758972899011184600,1.4001845703125,-0.3100263178348541,-0.8495760560035706,0.5161440372467041
1758972899021141500,1.4101416015625,0.28066468238830566,0.29501673579216003,0.37547028064727783
1758972899031098600,1.4200986328125,1.4371609687805176,1.8873827457427979,0.09170754998922348
1758972899041055700,1.4300556640625,2.8845577239990234,2.63637638092041,-0.023902136832475662
1758972899051012900,1.440012939453125,3.8666443824768066,2.648273468017578,0.32599806785583496
1758972899060969500,1.449969482421875,4.0608906745910645,2.582470178604126,1.009576678276062
1758972899070926600,1.459926513671875,3.3983094692230225,1.5431960821151733,1.1489489078521729
1758972899080883700,1.4698837890625,2.732171058654785,0.6336213946342468,1.2827117443084717
1758972899090840600,1.479840576171875,2.375122547149658,0.07043422013521194,1.4413623809814453
1758972899100796700,1.489796630859375,1.993016004562378,-0.36291107535362244,1.3184218406677246
1758972899110753500,1.49975341796875,1.7252100706100464,-0.2640284597873688,0.9786916971206665
1758972899120710700,1.509710693359375,1.788509488105774,0.15104490518569946,0.6503665447235107
1758972899130667800,1.519667724609375,2.163651704788208,0.19863319396972656,0.7019131183624268
1758972899140624600,1.529624755859375,2.438509225845337,0.1022304967045784,1.0604699850082397
1758972899150581500,1.53958154296875,2.1923437118530273,-0.14619742333889008,1.3953461647033691
1758972899160538600,1.54953857421875,1.5333775281906128,-0.722733199596405,1.524183750152588
1758972899170495700,1.559495849609375,0.5266196131706238,-1.4077211618423462,1.1993240118026733
1758972899180452600,1.56945263671875,-0.13173459470272064,-2.5901877880096436,0.5309227108955383
1758972899190409700,1.57940966796875,0.1505114734172821,-4.355432033538818,-0.01649375632405281
1758972899200366800,1.589366943359375,0.6971713304519653,-6.120739936828613,-0.3902527093887329
1758972899210323500,1.599323486328125,1.2468187808990479,-7.9429931640625,-0.5103130340576172
1758972899220280600,1.609280517578125,1.8722293376922607,-9.181663513183594,-0.01739789918065071
1758972899230236400,1.619236328125,2.6227614879608154,-6.819904327392578,2.032083034515381
1758972899240193500,1.629193603515625,3.4156758785247803,-1.1198270320892334,5.2502546310424805
1758972899250150700,1.639150634765625,4.042722225189209,1.0272794961929321,6.4586334228515625
1758972899260107800,1.649107666015625,4.3399481773376465,1.1319001913070679,6.0915632247924805
1758972899270064600,1.659064697265625,4.137883186340332,1.861507773399353,4.848080635070801
1758972899280021800,1.669021728515625,2.9616200923919678,6.364107608795166,1.0753487348556519
1758972899289978600,1.678978515625,1.8113348484039307,6.232063293457031,-1.8034822940826416
1758972899299935500,1.688935546875,1.06748366355896,4.094274520874023,-3.0757036209106445
1758972899309892600,1.698892578125,0.5744497179985046,1.9265445470809937,-3.4704971313476562
1758972899319849700,1.708849609375,0.15482553839683533,-0.5199859142303467,-3.5473525524139404
1758972899329806600,1.718806640625,-0.0969153642654419,-3.081965446472168,-3.659806251525879
1758972899339763700,1.728763671875,0.2062908560037613,-5.3756184577941895,-3.8227524757385254
1758972899349720800,1.738720947265625,1.1845897436141968,-6.43663215637207,-4.206463813781738
1758972899359676700,1.7486767578125,2.051598072052002,-6.264014720916748,-4.3066487312316895
1758972899369633800,1.7586337890625,1.842521071434021,-4.799814224243164,-4.098896026611328
1758972899379590700,1.768590576171875,0.8337427973747253,-3.059847593307495,-3.7479195594787598
1758972899389547500,1.778547607421875,-0.19994613528251648,-1.7299894094467163,-3.5962142944335938
1758972899399504600,1.788504638671875,-0.9949881434440613,-1.1943060159683228,-3.7674098014831543
1758972899409461800,1.798461669921875,-1.371891736984253,-1.101621389389038,-4.158113479614258
1758972899419418600,1.808418701171875,-1.1241765022277832,-0.8801637887954712,-4.463113784790039
1758972899429375700,1.818375732421875,-0.7318379878997803,-0.17057013511657715,-4.436636924743652
1758972899439332600,1.82833251953125,-0.6330320835113525,1.4144847393035889,-4.083583831787109
1758972899449289500,1.83828955078125,-0.622020959854126,3.5086605548858643,-3.580368995666504
1758972899459246600,1.84824658203125,-0.6028217077255249,5.438100337982178,-3.1202924251556396
1758972899469203700,1.85820361328125,-0.6276034712791443,7.163851737976074,-2.847712993621826
1758972899479160600,1.86816064453125,-0.8235276937484741,8.915282249450684,-2.978076696395874
1758972899489117700,1.87811767578125,-1.453113317489624,10.187968254089355,-2.850595235824585
1758972899499073800,1.88807373046875,-2.2627711296081543,10.407624244689941,-1.866381049156189
1758972899509030700,1.89803076171875,-2.752149820327759,8.277557373046875,-0.37895503640174866
1758972899518987800,1.90798779296875,-2.87790846824646,4.504940509796143,0.4667637050151825
1758972899528944600,1.917944580078125,-2.9432132244110107,1.2723374366760254,0.5438545346260071
1758972899538901500,1.927901611328125,-2.8902854919433594,-0.5099868178367615,0.000853809411637485
1758972899548858600,1.937858642578125,-2.6700198650360107,-0.8850107789039612,-0.5702661275863647
1758972899558815700,1.947815673828125,-2.1574113368988037,-1.386693000793457,-1.1653121709823608
1758972899568772600,1.957772705078125,-1.0190833806991577,-2.8634533882141113,-1.0337520837783813
1758972899578729700,1.967729736328125,0.04501834139227867,-3.7783384323120117,-0.4528777301311493
1758972899588686600,1.9776865234375,0.773918628692627,-3.1500773429870605,0.12151764333248138
1758972899598643500,1.9876435546875,1.519992470741272,-1.7180496454238892,0.6418108940124512
1758972899608600600,1.9976005859375,2.264702796936035,-0.5793214440345764,1.239356279373169
1758972899618556700,2.007556640625,2.8490207195281982,-0.24863244593143463,1.9049763679504395
1758972899628513500,2.017513427734375,3.2191457748413086,-0.7472299933433533,2.299389362335205
1758972899638470700,2.027470703125,3.1769747734069824,-1.678596019744873,2.327939748764038
1758972899648427800,2.037427734375,2.7607803344726562,-3.018710136413574,2.3008508682250977
1758972899658385200,2.04738525390625,2.146341323852539,-4.776275157928467,2.3939952850341797
1758972899668342000,2.057342041015625,1.522966980934143,-6.515034198760986,2.473979949951172
1758972899678299100,2.067299072265625,1.1511545181274414,-7.463588714599609,1.659480094909668
1758972899688256300,2.07725634765625,0.7487820982933044,-4.89914608001709,-1.3932119607925415
1758972899698213000,2.087213134765625,1.3369563817977905,0.8766878843307495,-3.4846887588500977
1758972899708170200,2.097170166015625,1.7870784997940063,4.801772117614746,-2.1334707736968994
1758972899718127400,2.10712744140625,1.7060843706130981,7.189635276794434,-1.3383854627609253
1758972899728084000,2.117083984375,1.4580106735229492,7.675234317779541,-0.652434229850769
1758972899738041000,2.127041015625,1.2036398649215698,6.662598133087158,0.21302305161952972
1758972899747997200,2.1369970703125,0.9733030796051025,5.755578994750977,0.915658175945282
1758972899757954000,2.1469541015625,0.6745515465736389,5.141596794128418,1.5659708976745605
1758972899767911200,2.1569111328125,0.4930770695209503,4.218176364898682,2.2406458854675293
1758972899777868300,2.166868408203125,0.415913850069046,3.2348597049713135,2.98245906829834
1758972899787825200,2.1768251953125,0.8114529252052307,2.5483789443969727,3.5588135719299316
1758972899797782300,2.1867822265625,1.2775495052337646,1.6853125095367432,4.068363189697266
1758972899807739100,2.1967392578125,1.708212971687317,0.694726288318634,4.372300148010254
1758972899817696000,2.206696044921875,2.0624959468841553,-0.311536580324173,4.5519938468933105
1758972899827653000,2.216653076171875,2.0929203033447266,-1.17941415309906,4.788242340087891
1758972899837610200,2.2266103515625,1.9293999671936035,-1.7573553323745728,4.9760518074035645
1758972899847567000,2.236567138671875,1.6632764339447021,-1.9793721437454224,5.032196998596191
1758972899857524200,2.246524169921875,1.3837441205978394,-1.751663088798523,4.918988227844238
1758972899867480300,2.256480224609375,1.1649260520935059,-1.0291697978973389,4.758086204528809
1758972899877437200,2.266437255859375,0.9243403077125549,-0.2545446753501892,4.684029579162598
1758972899887394300,2.276394287109375,-0.09829115122556686,3.5286319255828857,3.2018251419067383
1758972899897351200,2.28635107421875,-0.976109504699707,7.051255226135254,1.1917896270751953
1758972899907308000,2.29630810546875,-0.7224791049957275,7.341311454772949,0.40837258100509644
1758972899917265200,2.30626513671875,0.07739385962486267,6.832639217376709,0.012675581499934196
1758972899927222300,2.31622216796875,0.6359058618545532,7.612643241882324,-0.16458654403686523
1758972899937179100,2.32617919921875,0.3390401005744934,7.877581596374512,0.18392695486545563
1758972899947136300,2.33613623046875,-0.1264950931072235,6.7383809089660645,0.5504005551338196
1758972899957093000,2.346093017578125,-0.5477352738380432,5.285910129547119,0.7176228165626526
1758972899967050000,2.356050048828125,-0.8405002951622009,4.004038333892822,0.6966872215270996
1758972899977007000,2.366007080078125,-1.085724115371704,2.606654167175293,0.305335134267807
1758972899986964200,2.375964111328125,-1.4089571237564087,1.1185758113861084,-0.5306108593940735
1758972899996920000,2.385920166015625,-1.5745558738708496,0.1723981350660324,-0.7234061360359192
1758972900006877200,2.395877197265625,-1.4306639432907104,-0.26061320304870605,-0.12489932775497437
1758972900016834300,2.405834228515625,-1.1880865097045898,-0.41714078187942505,0.665579617023468
1758972900026791200,2.415791259765625,-0.9537551999092102,-0.6839144229888916,1.2200902700424194
1758972900036748300,2.425748291015625,-0.6613553166389465,-0.7542034983634949,1.3691846132278442
1758972900046705200,2.435705078125,-0.40925276279449463,0.4413430392742157,0.41866225004196167
1758972900056662000,2.445662109375,0.00797510240226984,1.4995759725570679,-0.21634827554225922
1758972900066619100,2.455619140625,0.6131089329719543,1.6164133548736572,-0.22428716719150543
1758972900076576300,2.465576171875,1.1929885149002075,1.022819995880127,-0.04886367917060852
1758972900086533000,2.475533203125,1.5216889381408691,0.2435269057750702,0.03929014876484871
1758972900096490200,2.485490234375,1.4884744882583618,-0.6157910227775574,-0.10592696815729141
1758972900106447000,2.495447021484375,1.0424566268920898,-1.4999381303787231,-0.595051109790802
1758972900116404200,2.505404296875,0.20184683799743652,-2.38883638381958,-1.4230278730392456
1758972900126360000,2.515360107421875,-0.603935182094574,-3.364528179168701,-2.234785318374634
1758972900136317200,2.525317138671875,-1.2601566314697266,-3.7850160598754883,-2.9855730533599854
1758972900146274000,2.535274169921875,-1.9049314260482788,-3.612868309020996,-3.7653238773345947
1758972900156231200,2.545231201171875,-2.702747344970703,-1.9637374877929688,-4.685349464416504
1758972900166188300,2.555188232421875,-4.105973720550537,4.113232612609863,-4.917964935302734
1758972900176145200,2.565145263671875,-5.5539069175720215,11.314969062805176,-3.585249423980713
1758972900186102300,2.575102294921875,-6.103095054626465,13.128722190856934,-0.7071449160575867
1758972900196059100,2.58505908203125,-5.138828277587891,8.602280616760254,3.12208890914917
1758972900206016300,2.595016357421875,-3.4744951725006104,2.2743875980377197,4.872987270355225
1758972900215973000,2.60497314453125,-1.9328110218048096,-2.2962729930877686,5.138624668121338
1758972900225930200,2.61493017578125,-0.863284170627594,-3.5478203296661377,4.900259494781494
1758972900235887400,2.624887451171875,0.1715664267539978,0.313961923122406,3.0073795318603516
1758972900245844200,2.63484423828125,0.8263908624649048,1.3512072563171387,0.3030261695384979
1758972900255800300,2.64480029296875,0.8792971968650818,-1.136733055114746,-2.0761659145355225
1758972900265757200,2.654757080078125,0.6350789666175842,-4.58279275894165,-3.7056140899658203
1758972900275714000,2.664714111328125,0.3803721070289612,-7.085421562194824,-4.54620885848999
1758972900285671200,2.674671142578125,0.2124965488910675,-8.908020973205566,-4.939911365509033
1758972900295628000,2.6846279296875,0.1702795922756195,-10.03088092803955,-4.9350409507751465
1758972900305585200,2.694585205078125,0.34028780460357666,-9.844757080078125,-4.470543384552002
1758972900315542300,2.704542236328125,0.6210736632347107,-7.87830924987793,-3.30672550201416
1758972900325499400,2.71449951171875,0.9129973649978638,-4.358142852783203,-1.5856796503067017
1758972900335456300,2.724456298828125,1.0888997316360474,-0.15682077407836914,0.26322364807128906
1758972900345413000,2.7344130859375,1.0728280544281006,3.38932466506958,1.6410715579986572
1758972900355370200,2.744370361328125,0.799255907535553,4.913058757781982,2.1199264526367188
1758972900365326000,2.754326171875,0.14181971549987793,4.627864837646484,1.8512141704559326
1758972900375283200,2.764283203125,-0.8353513479232788,3.865335702896118,1.3872994184494019
1758972900385240000,2.774239990234375,-1.7488552331924438,-1.2372626066207886,-0.04478451609611511
1758972900395197200,2.784197265625,-2.0640013217926025,-7.7971062660217285,-2.1843724250793457
1758972900405154300,2.794154296875,-2.1962695121765137,-8.998138427734375,-2.5841941833496094
1758972900415111400,2.804111328125,-2.2136287689208984,-9.139206886291504,-2.3634395599365234
1758972900425068000,2.814068115234375,-2.249518871307373,-9.818842887878418,-2.1834464073181152
1758972900435025200,2.824025146484375,-2.337959051132202,-9.497881889343262,-2.3944528102874756
1758972900444982300,2.833982177734375,-2.321165084838867,-7.638035297393799,-2.3271946907043457
1758972900454939100,2.843939208984375,-2.4972126483917236,-4.61970329284668,-0.9399579167366028
1758972900464896300,2.853896240234375,-2.7683849334716797,-1.8780540227890015,0.4932304918766022
1758972900474853400,2.863853271484375,-2.961721897125244,0.22735166549682617,1.674879550933838
1758972900484810200,2.873810302734375,-3.117957592010498,2.621793746948242,2.743255853652954
1758972900494766300,2.883766357421875,-3.0038952827453613,4.881861686706543,3.637004852294922
1758972900504723200,2.89372314453125,-2.4383299350738525,6.684039115905762,4.398280620574951
1758972900514680000,2.90368017578125,-1.4652880430221558,8.055848121643066,4.931965351104736
1758972900524637200,2.91363720703125,-0.13724200427532196,9.137272834777832,5.15824556350708
1758972900534594300,2.92359423828125,1.1493250131607056,10.020610809326172,4.816492080688477
1758972900544551200,2.93355126953125,2.24413800239563,10.509919166564941,3.9073736667633057
1758972900554508300,2.94350830078125,3.161355972290039,10.474753379821777,2.5330922603607178
1758972900564465400,2.95346533203125,3.9475111961364746,9.353285789489746,0.7993941307067871
1758972900574422000,2.963422119140625,4.595483779907227,7.191607475280762,-1.022437334060669
1758972900584379100,2.973379150390625,5.145246505737305,3.5140867233276367,-2.5195043087005615
1758972900594336300,2.983336181640625,5.442676544189453,-1.424407958984375,-3.115813970565796
1758972900604293000,2.993293212890625,5.258773326873779,-6.249683856964111,-2.722614049911499
1758972900614249200,3.003249267578125,4.460278511047363,-10.860835075378418,-1.076387882232666
1758972900624206300,3.013206298828125,3.101996898651123,-11.919479370117188,1.3410416841506958
1758972900634163200,3.0231630859375,3.0390913486480713,1.0262196063995361,9.298254013061523
1758972900644120300,3.033120361328125,2.9682769775390625,10.662873268127441,9.241532325744629
1758972900654076700,3.04307666015625,2.465581178665161,20.400585174560547,1.3997803926467896
1758972900664033500,3.053033447265625,1.7168192863464355,16.531715393066406,-1.482903242111206
1758972900673990700,3.06299072265625,1.1371482610702515,10.760514259338379,-2.608908176422119
1758972900683947500,3.072947509765625,0.6223482489585876,3.3145534992218018,-2.3281590938568115
1758972900693904600,3.082904541015625,0.4060087502002716,-0.09698859602212906,-2.0540173053741455
1758972900703861800,3.09286181640625,0.45536965131759644,-1.530813455581665,-1.364495873451233
1758972900713818600,3.102818603515625,0.6585030555725098,-2.411519765853882,-0.6488711833953857
1758972900723775700,3.112775634765625,1.0809900760650635,-3.111398220062256,0.03919267654418945
1758972900733731800,3.12273193359375,1.6104127168655396,-3.6415936946868896,0.749259352684021
1758972900743688700,3.132688720703125,2.133784532546997,-4.1516804695129395,1.5322105884552002
1758972900753645600,3.1426455078125,2.485692262649536,-2.389104127883911,1.3401178121566772
1758972900763602700,3.152602783203125,2.7513368129730225,-0.06923472881317139,0.6553913950920105
1758972900773559600,3.1625595703125,2.9593749046325684,1.070261001586914,0.18941067159175873
1758972900783516700,3.1725166015625,2.954566478729248,0.7390506267547607,0.14049506187438965
1758972900793473800,3.182473876953125,2.5856192111968994,-0.1244274154305458,0.1815841794013977
1758972900803430700,3.1924306640625,1.881454348564148,-0.7585551142692566,-0.007800931576639414
1758972900813387500,3.202387451171875,0.9021162390708923,-1.0698533058166504,-0.42911168932914734
1758972900823344600,3.2123447265625,-0.22160455584526062,-1.387414813041687,-1.0214895009994507
1758972900833301500,3.222301513671875,-1.314436435699463,-2.1520392894744873,-1.757346272468567
1758972900843258600,3.232258544921875,-2.3843109607696533,-3.7553272247314453,-2.493448495864868
1758972900853215700,3.2422158203125,-3.371037244796753,-5.618031978607178,-3.2304880619049072
1758972900863171600,3.252171630859375,-4.465015411376953,-6.518495559692383,-3.946760654449463
1758972900873128700,3.262128662109375,-6.101931571960449,-5.126400947570801,-4.707076549530029
1758972900883085800,3.2720859375,-9.211729049682617,0.443822979927063,-4.919220447540283
1758972900893042700,3.282042724609375,-12.895696640014648,5.304928302764893,-4.8521599769592285
1758972900902999600,3.29199951171875,-14.574207305908203,8.425793647766113,-4.472624778747559
1758972900912956700,3.301956787109375,-13.10776424407959,11.851280212402344,-2.0249438285827637
1758972900922913500,3.31191357421875,-8.86740493774414,11.483766555786133,1.6929891109466553
1758972900932870700,3.32187060546875,-4.954033851623535,6.814869403839111,4.262240886688232
1758972900942827800,3.331827880859375,-2.7532429695129395,0.46727558970451355,5.394136428833008
1758972900952784600,3.34178466796875,-1.5596014261245728,-3.7766706943511963,5.842782497406006
1758972900962741500,3.351741455078125,0.09753214567899704,1.370543360710144,3.540553331375122
1758972900972698600,3.36169873046875,1.6769720315933228,2.046778917312622,-0.4358087182044983
1758972900982654500,3.371654541015625,2.1228249073028564,-2.7697935104370117,-3.429323673248291
1758972900992611600,3.381611572265625,2.0967724323272705,-8.579482078552246,-5.201303958892822
1758972901002568700,3.391568603515625,2.0778090953826904,-12.70921802520752,-5.794608116149902
1758972901012525600,3.401525634765625,2.214292526245117,-14.675026893615723,-5.418837547302246
1758972901022482700,3.411482666015625,2.3609397411346436,-13.398276329040527,-4.270287036895752
1758972901032439800,3.421439697265625,2.4006218910217285,-8.003621101379395,-2.2552437782287598
1758972901042396700,3.431396728515625,2.3110508918762207,-0.8489207029342651,-0.3030056655406952
1758972901052353500,3.441353515625,2.070236921310425,4.4442901611328125,0.8087261319160461
1758972901062310700,3.451310546875,1.329000473022461,6.196462154388428,0.6542404294013977
1758972901072267500,3.461267578125,-0.263786643743515,6.22420072555542,0.2604001462459564
1758972901082224600,3.471224609375,-2.205866813659668,4.549938678741455,-0.16347414255142212
1758972901092181800,3.481181640625,-3.5107812881469727,-3.078418493270874,-2.2261064052581787
1758972901102137600,3.4911376953125,-4.09017276763916,-6.491805553436279,-2.4992434978485107
1758972901112094700,3.5010947265625,-4.063511848449707,-8.752630233764648,-2.1284263134002686
1758972901122051800,3.5110517578125,-3.517159938812256,-12.761743545532227,-1.303974986076355
1758972901132008400,3.521008544921875,-3.1653761863708496,-15.34628963470459,-0.4092884361743927
1758972901141965600,3.530965576171875,-3.3043487071990967,-14.36257266998291,0.3824818730354309
1758972901151922700,3.540922607421875,-3.511200428009033,-12.561540603637695,0.22250550985336304
1758972901161879600,3.550879638671875,-2.8759307861328125,-8.659499168395996,-1.2327288389205933
1758972901171836700,3.560836669921875,-2.9311375617980957,-2.064371109008789,0.6839168071746826
1758972901181793800,3.570793701171875,-3.351741313934326,2.64329195022583,2.102728843688965
1758972901191750700,3.580750732421875,-3.480531692504883,5.898075103759766,3.1213300228118896
1758972901201707500,3.59070751953125,-3.0793216228485107,8.767997741699219,3.9910924434661865
1758972901211664600,3.60066455078125,-2.2347209453582764,10.675775527954102,4.864717483520508
1758972901221620500,3.610620361328125,-1.0797874927520752,11.460140228271484,5.517429351806641
1758972901231577600,3.62057763671875,0.33103519678115845,11.532241821289062,5.583252429962158
1758972901241534700,3.63053466796875,1.6146575212478638,11.259987831115723,4.662815093994141
1758972901251491600,3.64049169921875,2.589773178100586,10.430157661437988,3.052567958831787
1758972901261448700,3.65044873046875,3.450559616088867,8.664031028747559,0.8624740242958069
1758972901271405800,3.66040576171875,4.098259925842285,4.998409271240234,-2.1468939781188965
1758972901281362400,3.670362548828125,4.353673458099365,-0.15847299993038177,-4.2543792724609375
1758972901291319600,3.680319580078125,3.6077752113342285,-5.7435383796691895,-4.116929531097412
1758972901301276700,3.690276611328125,1.2856817245483398,-9.74924373626709,-2.2741055488586426
1758972901311233800,3.70023388671875,-0.9032483696937561,-10.925918579101562,0.003114566905423999
1758972901321190700,3.710190673828125,-1.2050175666809082,-10.460692405700684,1.6735402345657349
1758972901331147800,3.720147705078125,0.03359151631593704,2.3837530612945557,7.778749942779541
1758972901341104600,3.730104736328125,2.577951669692993,20.969921112060547,12.121405601501465
1758972901351060700,3.740060791015625,5.525274753570557,34.150230407714844,2.7763898372650146
1758972901361017600,3.750017578125,3.0674283504486084,20.66071319580078,-8.770642280578613
1758972901370974500,3.759974365234375,1.3287192583084106,11.351031303405762,-8.732220649719238
1758972901380931600,3.769931640625,0.8662962317466736,1.7558526992797852,-4.412721633911133
1758972901390888700,3.779888671875,1.295143961906433,-3.255431890487671,-0.7756608128547668
1758972901400845600,3.789845458984375,1.8091896772384644,-5.600709438323975,1.3499773740768433
1758972901410802700,3.799802734375,2.5329933166503906,-6.004767894744873,3.0525710582733154
1758972901420759600,3.809759521484375,3.091804027557373,-1.7150804996490479,2.974135398864746
1758972901430716700,3.819716552734375,3.528353214263916,2.30071759223938,1.3232158422470093
1758972901440673500,3.829673583984375,4.173483371734619,2.975703477859497,0.8533138036727905
1758972901450630700,3.839630615234375,4.7362284660339355,2.272507667541504,0.9640493988990784
1758972901460587800,3.849587890625,4.920328617095947,1.212207555770874,1.0970971584320068
1758972901470543600,3.859543701171875,4.661569118499756,-0.09353740513324738,1.1229913234710693
1758972901480500700,3.869500732421875,4.010374069213867,-1.3636692762374878,0.967881441116333
1758972901490457600,3.87945751953125,3.067974328994751,-2.0223793983459473,0.4770110249519348
1758972901500414700,3.889414794921875,1.968440294265747,-2.361044406890869,-0.36032968759536743
1758972901510371600,3.89937158203125,0.7191677093505859,-3.1061203479766846,-1.2377417087554932
1758972901520328700,3.90932861328125,-0.5480665564537048,-4.625687122344971,-1.9911190271377563
1758972901530285600,3.91928564453125,-1.768953561782837,-6.772933483123779,-2.7918965816497803
1758972901540242700,3.92924267578125,-2.790172576904297,-8.834794998168945,-3.889810085296631
1758972901550199800,3.93919970703125,-3.588369846343994,-10.56887435913086,-5.424352169036865
1758972901560156700,3.94915673828125,-4.244349956512451,-10.45372486114502,-7.466433048248291
1758972901570113500,3.959113525390625,-5.558797836303711,-4.167720794677734,-9.414613723754883
1758972901580070700,3.969070556640625,-9.136198997497559,7.444467067718506,-9.552010536193848
1758972901590026500,3.979026611328125,-12.328222274780273,15.134570121765137,-8.318225860595703
1758972901599983600,3.988983642578125,-12.45571517944336,18.925617218017578,-5.241273403167725
1758972901609940500,3.9989404296875,-9.408513069152832,17.438085556030273,-0.30112308263778687
1758972901619897600,4.008897705078125,-5.6144208908081055,9.46888542175293,4.280627250671387
1758972901629854700,4.018854736328125,-3.2777156829833984,1.1803609132766724,6.23244571685791
1758972901639811800,4.028811767578125,-2.0693092346191406,-5.332241058349609,6.531080722808838
1758972901649768700,4.038768798828125,-1.4510310888290405,-8.360459327697754,5.935288906097412
1758972901659725800,4.048725830078125,0.4404090642929077,0.39329269528388977,0.662063717842102
1758972901669682700,4.0586826171875,1.4698063135147095,-0.6708510518074036,-2.6372854709625244
1758972901679639800,4.068639892578125,1.6302188634872437,-4.290483474731445,-3.925690174102783
1758972901689597000,4.078596923828125,1.431887149810791,-7.151800155639648,-3.8882648944854736
1758972901699553800,4.0885537109375,1.3382890224456787,-8.518584251403809,-3.4476749897003174
1758972901709510000,4.098510009765625,1.5109244585037231,-8.124958992004395,-2.556489944458008
1758972901719467000,4.108467041015625,1.7715758085250854,-6.21819543838501,-1.3822860717773438
1758972901729424000,4.118423828125,2.0240392684936523,-4.7826056480407715,-0.3811308443546295
1758972901739380700,4.128380615234375,2.0432522296905518,-3.961747169494629,0.012207663618028164
1758972901749337900,4.138337890625,1.446358561515808,-2.4759368896484375,0.38123682141304016
1758972901759294700,4.148294677734375,0.6304578185081482,-1.3284052610397339,0.8150631189346313
1758972901769251800,4.158251953125,0.051894888281822205,-0.9440456032752991,1.4522433280944824
1758972901779209000,4.168208984375,-0.4357701241970062,-3.6863930225372314,1.0729705095291138
1758972901789165800,4.178165771484375,-1.1075676679611206,-9.793578147888184,-0.3566257655620575
1758972901799122700,4.188122802734375,-1.5836490392684937,-12.361992835998535,-0.662143886089325
1758972901809079800,4.198079833984375,-1.8996551036834717,-13.77112102508545,-0.6789073944091797
1758972901819035600,4.20803564453125,-2.0615551471710205,-15.707093238830566,-0.9434232115745544
1758972901828992800,4.21799267578125,-1.7018848657608032,-17.13972282409668,-2.8186206817626953
1758972901838950000,4.227949951171875,-0.8724364042282104,-7.347020149230957,-4.054205417633057
1758972901848906800,4.23790673828125,-0.8865509033203125,2.2704880237579346,-3.906844139099121
1758972901858863900,4.24786376953125,-1.267510175704956,9.17969799041748,-1.967597484588623
1758972901868821000,4.257821044921875,-1.7256988286972046,14.24897575378418,0.2751586139202118
1758972901878777900,4.26777783203125,-2.017531156539917,16.129053115844727,1.7163362503051758
1758972901888734700,4.277734619140625,-2.043285608291626,14.546052932739258,2.878153085708618
1758972901898691800,4.28769189453125,-1.9056965112686157,12.487346649169922,3.8325815200805664
1758972901908648700,4.297648681640625,-1.3737481832504272,12.118593215942383,4.7684454917907715
1758972901918605800,4.307605712890625,-0.11277421563863754,11.50422477722168,5.242423057556152
1758972901928562000,4.31756201171875,1.3565729856491089,10.243127822875977,4.892544269561768
1758972901938518800,4.327518798828125,2.706218719482422,8.381062507629395,3.5962963104248047
1758972901948476000,4.337475830078125,3.7010293006896973,5.400427341461182,1.8808181285858154
1758972901958433000,4.34743310546875,4.076809883117676,1.2304198741912842,-0.4258381128311157
1758972901968389600,4.3573896484375,4.450363636016846,-3.6909947395324707,-2.500345230102539
1758972901978346800,4.3673466796875,5.027173042297363,-8.906709671020508,-3.0691890716552734
1758972901988304000,4.377303955078125,4.705155372619629,-13.119943618774414,-1.958795189857483
1758972901998260700,4.3872607421875,3.0693185329437256,-14.88884449005127,-0.1433877944946289
1758972902008217900,4.3972177734375,0.3857570290565491,-13.624811172485352,1.840506911277771
1758972902018175000,4.407175048828125,-1.8585865497589111,-10.280818939208984,3.5141215324401855
1758972902028131800,4.4171318359375,-1.3946995735168457,-4.763972759246826,5.500316143035889
1758972902038088700,4.427088623046875,1.0084106922149658,13.902024269104004,10.219772338867188
1758972902048044800,4.437044921875,5.863074779510498,41.545066833496094,6.002312660217285
1758972902058001700,4.447001708984375,5.086330890655518,39.01022720336914,-4.49514627456665
1758972902067958800,4.456958740234375,0.7778661847114563,18.20349884033203,-11.677186012268066
1758972902077916000,4.466916015625,0.3011108338832855,-0.9251613616943359,-6.437729358673096
1758972902087872800,4.476872802734375,1.5405606031417847,-6.058891296386719,-1.2983077764511108
1758972902097830000,4.486829833984375,2.6781179904937744,-6.855052947998047,1.6207995414733887
1758972902107787000,4.496787109375,3.7316958904266357,-6.497982501983643,3.0225703716278076
1758972902117743600,4.50674365234375,4.661219596862793,-2.8854622840881348,3.161647081375122
1758972902127700700,4.51670068359375,5.1686577796936035,0.07223185151815414,2.4021925926208496
1758972902137657900,4.526657958984375,5.458639144897461,0.7364873290061951,2.1398584842681885
1758972902147614700,4.53661474609375,5.56503438949585,0.5997308492660522,2.2940354347229004
1758972902157571800,4.54657177734375,5.4166059494018555,0.3780335783958435,2.4002466201782227
1758972902167528000,4.55652783203125,4.960886478424072,0.5508090853691101,2.006099224090576
1758972902177484800,4.56648486328125,4.092043876647949,1.30409836769104,1.2443559169769287
1758972902187442000,4.57644189453125,3.1405153274536133,1.9372347593307495,0.3334144353866577
1758972902197398800,4.586398681640625,2.2215425968170166,1.8232070207595825,-0.5162710547447205
1758972902207355600,4.596355712890625,1.4293010234832764,0.9682244062423706,-1.2283111810684204
1758972902217312800,4.606312744140625,0.7576181888580322,-0.1077943742275238,-1.8929996490478516
1758972902227270000,4.616269775390625,0.07098682224750519,-1.6549162864685059,-2.2964189052581787
1758972902237226800,4.626226806640625,-0.9342518448829651,-3.6771111488342285,-2.575340986251831
1758972902247184000,4.636183837890625,-2.4543089866638184,-6.277767181396484,-3.104218006134033
1758972902257141000,4.64614111328125,-4.707852840423584,-9.525607109069824,-4.27217435836792
1758972902267097600,4.65609765625,-7.826167583465576,-12.789807319641113,-6.25020170211792
1758972902277054000,4.666053955078125,-11.594149589538574,-14.120699882507324,-9.251654624938965
1758972902287010800,4.6760107421875,-16.02593421936035,-6.478822708129883,-11.62650203704834
1758972902296967700,4.6859677734375,-20.275060653686523,3.1561057567596436,-11.415574073791504
1758972902306924800,4.6959248046875,-21.827661514282227,9.872994422912598,-9.704209327697754
1758972902316882000,4.7058818359375,-18.708324432373047,13.267926216125488,-7.771942138671875
1758972902326838800,4.7158388671875,-9.706512451171875,13.458672523498535,-5.609012603759766
1758972902336796000,4.7257958984375,-2.2202744483947754,11.674230575561523,-3.5392911434173584
1758972902346752800,4.735752685546875,0.34149953722953796,10.046675682067871,-0.08021707087755203
1758972902356709600,4.745709716796875,0.8369590640068054,6.948451519012451,5.02261209487915
1758972902366666800,4.755666748046875,1.0871151685714722,0.4506465196609497,7.766225814819336
1758972902376623900,4.765623779296875,2.277595043182373,-7.609295845031738,3.050041913986206
1758972902386580700,4.775580810546875,3.0382845401763916,-11.240817070007324,0.41662704944610596
1758972902396536800,4.785536865234375,3.209512710571289,-12.56987190246582,-0.16522730886936188
1758972902406494000,4.795493896484375,3.0171775817871094,-12.122859001159668,0.22636257112026215
1758972902416450800,4.805450927734375,2.805670976638794,-10.279167175292969,0.6021828055381775
1758972902426408000,4.815407958984375,2.728585720062256,-7.539059638977051,0.6884681582450867
1758972902436364800,4.82536474609375,2.7349653244018555,-3.741185188293457,0.3693447411060333
1758972902446321700,4.83532177734375,2.688239336013794,-0.5370029807090759,-0.6066235899925232
1758972902456278800,4.84527880859375,2.1971089839935303,1.2204324007034302,-1.4999852180480957
1758972902466236000,4.85523583984375,1.7160462141036987,1.2659317255020142,-1.7730392217636108
1758972902476192800,4.86519287109375,1.3904286623001099,0.9798451066017151,-1.3958532810211182
1758972902486150000,4.87514990234375,1.0766444206237793,0.8976005911827087,-0.6874920725822449
1758972902496106800,4.885106689453125,0.7061392664909363,0.9790834784507751,0.25133582949638367
1758972902506062800,4.895062744140625,-0.031991489231586456,-4.173573017120361,0.06034589931368828
1758972902516019700,4.905019775390625,-0.8424931168556213,-11.879075050354004,1.0370655059814453
1758972902525976800,4.914976806640625,-1.669358253479004,-14.069951057434082,2.1646056175231934
1758972902535933700,4.92493359375,-2.3714194297790527,-14.478059768676758,2.6018869876861572
1758972902545890800,4.934890869140625,-2.585902690887451,-14.307711601257324,0.2645517587661743
1758972902555848000,4.944847900390625,-2.3425190448760986,-6.69219970703125,-2.5276801586151123
1758972902565804800,4.9548046875,-2.2045068740844727,1.239794135093689,-3.7380056381225586
1758972902575762000,4.964761962890625,-2.116943120956421,7.233531475067139,-3.1831305027008057
1758972902585718800,4.97471875,-1.9684674739837646,11.683836936950684,-1.8573713302612305
1758972902595675600,4.984675537109375,-1.64183509349823,14.408088684082031,-0.5249441862106323
1758972902605632800,4.9946328125,-1.4771281480789185,14.2573823928833,0.5764113664627075
1758972902615588900,5.0045888671875,-1.6563575267791748,13.692840576171875,1.4970794916152954
1758972902625545700,5.014545654296875,-1.6164308786392212,14.208390235900879,2.234049081802368
1758972902635502800,5.0245029296875,-0.8526450991630554,13.728873252868652,2.6441738605499268
1758972902645460000,5.0344599609375,0.564715564250946,11.581567764282227,2.2331912517547607
1758972902655416600,5.04441650390625,2.271677017211914,7.594546318054199,1.218656063079834
1758972902665373400,5.05437353515625,3.5276072025299072,2.8146209716796875,-0.07689371705055237
1758972902675330600,5.06433056640625,4.166624069213867,-2.2092840671539307,-1.2770496606826782
1758972902685287400,5.074287353515625,4.511562824249268,-7.170382022857666,-2.082575798034668
1758972902695244500,5.08424462890625,4.665569305419922,-11.60379695892334,-2.2414398193359375
1758972902705201700,5.09420166015625,4.4072370529174805,-15.327043533325195,-1.3206162452697754
1758972902715158500,5.104158447265625,3.7943527698516846,-16.869672775268555,0.4288456439971924
1758972902725114600,5.114114501953125,3.0990748405456543,-15.340639114379883,2.684288263320923
1758972902735071500,5.124071533203125,2.2414636611938477,-6.69818115234375,6.20181941986084
1758972902745028600,5.134028564453125,2.692284107208252,19.861173629760742,11.649194717407227
1758972902754985500,5.1439853515625,4.759055137634277,30.98229217529297,7.760796546936035
1758972902764942300,5.1539423828125,5.21940803527832,29.875669479370117,1.0466326475143433
1758972902774899500,5.1638994140625,3.9734506607055664,21.030872344970703,-5.6872239112854
1758972902784856600,5.173856689453125,2.7054054737091064,8.046406745910645,-8.825944900512695
1758972902794813700,5.183813720703125,3.1459202766418457,-3.3556606769561768,-4.337380409240723
1758972902804770600,5.1937705078125,4.14235258102417,-6.143301010131836,0.1149233877658844
1758972902814727400,5.2037275390625,4.754716396331787,-4.395151138305664,2.0118048191070557
1758972902824683500,5.21368359375,4.866631031036377,-2.236955165863037,1.657904863357544
1758972902834640400,5.223640380859375,4.788875102996826,-1.6990594863891602,1.4074784517288208
1758972902844597500,5.233597412109375,4.602546691894531,-1.753462553024292,1.4041343927383423
1758972902854554400,5.243554443359375,4.418912410736084,-1.8792164325714111,1.4217625856399536
1758972902864511500,5.253511474609375,4.183732986450195,-2.012507438659668,1.3727186918258667
1758972902874468600,5.263468505859375,3.836442470550537,-2.3204851150512695,1.2478086948394775
1758972902884425700,5.27342578125,3.3716840744018555,-2.706608295440674,1.082368016242981
1758972902894382600,5.283382568359375,2.7420544624328613,-3.013943672180176,0.8182621002197266
1758972902904339500,5.29333935546875,2.0678579807281494,-3.0118086338043213,0.40822556614875793
1758972902914296600,5.303296630859375,1.3801254034042358,-2.775475025177002,-0.1886599212884903
1758972902924253400,5.31325341796875,0.7143514156341553,-2.5957281589508057,-0.8767579197883606
1758972902934209500,5.32320947265625,0.004297809209674597,-2.8329265117645264,-1.542260766029358
1758972902944166400,5.33316650390625,-0.7746943831443787,-3.4294373989105225,-2.233566999435425
1758972902954123500,5.34312353515625,-1.6502174139022827,-4.338425159454346,-3.0467100143432617
1758972902964080600,5.35308056640625,-2.471341848373413,-5.236692428588867,-4.103185176849365
1758972902974037500,5.36303759765625,-3.2040014266967773,-6.124806880950928,-5.352839946746826
1758972902983994400,5.372994384765625,-4.260887145996094,-7.060715198516846,-6.752016544342041
1758972902993951500,5.382951416015625,-5.971560955047607,-7.523470401763916,-8.312700271606445
1758972903003908600,5.39290869140625,-8.314273834228516,-5.183534145355225,-9.482504844665527
1758972903013865500,5.402865478515625,-12.102168083190918,5.047886371612549,-8.661996841430664
1758972903023822600,5.412822509765625,-15.30461597442627,13.139960289001465,-6.923543453216553
1758972903033779700,5.42277978515625,-15.85513973236084,15.137587547302246,-5.820891380310059
1758972903043735600,5.432735595703125,-13.516056060791016,15.7598237991333,-4.614813804626465
1758972903053692700,5.442692626953125,-8.666455268859863,15.547887802124023,-2.772181749343872
1758972903063649500,5.4526494140625,-4.024702072143555,14.485350608825684,1.2788879871368408
1758972903073606400,5.4626064453125,-1.508622646331787,7.72878885269165,6.330810070037842
1758972903083563500,5.4725634765625,0.3517351448535919,1.4958850145339966,5.650803089141846
1758972903093520400,5.482520263671875,2.334113359451294,-2.65793514251709,0.5666740536689758
1758972903103477500,5.4924775390625,3.3536694049835205,-6.45041036605835,-1.927319049835205
1758972903113434600,5.5024345703125,3.378931999206543,-9.42162799835205,-2.316209316253662
1758972903123391700,5.512391845703125,2.982499837875366,-11.219522476196289,-1.7651604413986206
1758972903133348400,5.522348388671875,2.5557146072387695,-11.69888687133789,-1.0556176900863647
1758972903143305500,5.532305419921875,2.235635757446289,-10.81973934173584,-0.3739951550960541
1758972903153261300,5.54226123046875,2.0387253761291504,-8.626745223999023,0.08591756969690323
1758972903163218400,5.552218505859375,2.0925302505493164,-5.411616325378418,0.6628794074058533
1758972903173175600,5.562175537109375,2.203061580657959,-2.5207650661468506,0.8963728547096252
1758972903183132400,5.57213232421875,2.086416482925415,-0.9643623232841492,0.5869276523590088
1758972903193089500,5.582089599609375,1.8917123079299927,0.17050568759441376,0.292444109916687
1758972903203046700,5.592046630859375,1.4587163925170898,1.4421464204788208,0.1670241355895996
1758972903213003500,5.60200341796875,0.8126127123832703,2.354551076889038,0.23952363431453705
1758972903222960400,5.61196044921875,0.06474144756793976,2.903932571411133,0.4489618241786957
1758972903232917500,5.62191748046875,-0.6339966654777527,3.063532829284668,0.7051978707313538
1758972903242874600,5.63187451171875,-1.2793750762939453,-3.133229970932007,-1.4293222427368164
1758972903252830500,5.64183056640625,-1.5739777088165283,-10.22278881072998,-2.56500244140625
1758972903262787600,5.65178759765625,-1.4671599864959717,-15.220345497131348,-1.5044423341751099
1758972903272744400,5.661744384765625,-1.7458237409591675,-16.13483428955078,-0.6287046670913696
1758972903282701600,5.67170166015625,-2.0099000930786133,-15.307143211364746,-4.7361321449279785
1758972903292658700,5.68165869140625,-1.835745930671692,-1.4780559539794922,-4.576921463012695
1758972903302615300,5.691615234375,-2.280707359313965,5.541031837463379,-2.561767101287842
1758972903312572400,5.701572509765625,-2.7553510665893555,10.490992546081543,-0.11742782592773438
1758972903322529500,5.711529541015625,-3.078510046005249,13.33902645111084,2.0332183837890625
1758972903332486700,5.721486572265625,-2.687838077545166,14.311270713806152,3.867936611175537
1758972903342443500,5.731443603515625,-1.250623345375061,14.24813461303711,5.327297687530518
1758972903352399600,5.741399658203125,0.8625656366348267,12.418764114379883,5.9602227210998535
1758972903362356500,5.7513564453125,3.521427631378174,10.726102828979492,4.697905540466309
1758972903372313600,5.761313720703125,6.4188313484191895,10.193673133850098,1.5921365022659302
1758972903382270500,5.7712705078125,7.320256233215332,7.688375473022461,-1.9334940910339355
1758972903392227300,5.781227294921875,6.167927265167236,2.8975589275360107,-4.72853946685791
1758972903402184400,5.791184326171875,4.547690391540527,-3.638730764389038,-5.302688121795654
1758972903412141600,5.8011416015625,3.149709939956665,-8.845685958862305,-4.271279335021973
1758972903422098700,5.8110986328125,1.8138113021850586,-11.965409278869629,-2.5931851863861084
1758972903432055600,5.8210556640625,0.7536215782165527,-13.630166053771973,-0.5601895451545715
1758972903442012700,5.8310126953125,0.990665853023529,-13.742712020874023,1.5468063354492188
1758972903451968500,5.840968505859375,2.5396294593811035,-4.3691864013671875,8.766470909118652
1758972903461925600,5.850925537109375,3.636733293533325,6.312829971313477,14.677678108215332
1758972903471882500,5.860882568359375,3.9634807109832764,25.727619171142578,6.6083550453186035
1758972903481839400,5.87083935546875,2.8353278636932373,24.775041580200195,0.4174257218837738
1758972903491796500,5.88079638671875,1.270944595336914,16.013620376586914,-3.7741544246673584
1758972903501753600,5.890753662109375,1.0321389436721802,3.7624237537384033,-3.054616928100586
1758972903511710500,5.90071044921875,1.7637546062469482,-4.4232964515686035,-1.132205605506897
1758972903521667600,5.91066748046875,2.419053316116333,-8.792908668518066,0.5812607407569885
1758972903531624400,5.92062451171875,2.749842405319214,-10.297508239746094,1.8786731958389282
1758972903541581600,5.93058154296875,2.3624796867370605,-4.498840808868408,-0.8630828261375427
1758972903551538400,5.940538330078125,2.2446460723876953,-1.7008256912231445,-1.8205782175064087
1758972903561494500,5.95049462890625,2.22773814201355,-1.6983928680419922,-1.2716450691223145
1758972903571451400,5.960451416015625,2.1329853534698486,-2.0290372371673584,-0.573900043964386
1758972903581408500,5.970408447265625,2.0059733390808105,-1.791410207748413,-0.1307300478219986
1758972903591365600,5.98036572265625,1.7819881439208984,-0.6114676594734192,-0.07451071590185165
1758972903601322500,5.990322509765625,1.430077314376831,1.0905705690383911,-0.28998228907585144
1758972903611279400,6.000279296875,0.9542295336723328,2.452427625656128,-0.5458689332008362
1758972903621236500,6.010236572265625,0.40267181396484375,3.2608137130737305,-0.7554394602775574
1758972903631193600,6.020193603515625,-0.13409176468849182,3.615532398223877,-0.9201930165290833
1758972903641150500,6.030150390625,-0.643991231918335,3.3324944972991943,-1.0184473991394043
1758972903651106600,6.0401064453125,-1.1542364358901978,2.620527744293213,-1.086229681968689
1758972903661063700,6.050063720703125,-1.7599105834960938,1.7508007287979126,-1.1655582189559937
1758972903671020800,6.060020751953125,-2.5109188556671143,0.678665041923523,-1.2639154195785522
1758972903680977700,6.069977783203125,-3.5382564067840576,-0.5061265826225281,-1.3993865251541138
1758972903690934800,6.079934814453125,-5.001276016235352,-1.909346103668213,-1.6112302541732788
1758972903700891600,6.0898916015625,-7.041594505310059,-3.734445810317993,-2.226938009262085
1758972903710848500,6.0998486328125,-9.595324516296387,-5.125952243804932,-3.5316860675811768
1758972903720805600,6.1098056640625,-11.699845314025879,-1.9995671510696411,-5.104451656341553
1758972903730762800,6.1197626953125,-11.99530029296875,2.773771286010742,-3.502861976623535
1758972903740719900,6.129719970703125,-9.867878913879395,2.8927624225616455,-1.4847838878631592
1758972903750675700,6.13967578125,-6.811046123504639,2.2839112281799316,-0.15055514872074127
1758972903760632800,6.1496328125,-4.547812461853027,2.0093047618865967,0.7712882161140442
1758972903770589700,6.159589599609375,-3.112292766571045,1.8702871799468994,1.4324959516525269
1758972903780546600,6.169546630859375,-2.276491165161133,1.0949517488479614,1.8275905847549438
1758972903790503700,6.179503662109375,-1.802540898323059,-0.5911620855331421,1.9890034198760986
1758972903800460500,6.18946044921875,-1.32525634765625,-2.322021484375,1.5705302953720093
1758972903810417700,6.199417724609375,-0.5100550055503845,-3.6498429775238037,0.011678759939968586
1758972903820374800,6.209374755859375,0.09929010272026062,-5.6351118087768555,-1.0227004289627075
1758972903830332000,6.219331787109375,0.4651285409927368,-7.163584232330322,-1.1106846332550049
1758972903840288500,6.22928857421875,0.6358691453933716,-7.660202980041504,-0.7790563702583313
1758972903850244900,6.239244873046875,0.760703980922699,-7.321274757385254,-0.4131854474544525
1758972903860201500,6.249201416015625,0.9511833786964417,-6.211050033569336,-0.03833726793527603
1758972903870158600,6.25915869140625,1.2462024688720703,-4.105618953704834,0.4116136431694031
1758972903880115700,6.26911572265625,1.6398444175720215,-1.5378093719482422,0.7584033012390137
1758972903890072600,6.279072509765625,2.0779168605804443,0.3466325104236603,0.9585984349250793
1758972903900029700,6.28902978515625,2.3173601627349854,1.468726634979248,0.916707456111908
1758972903909986800,6.29898681640625,2.290147066116333,1.4173063039779663,0.5707087516784668
1758972903919943700,6.308943603515625,2.168708562850952,-1.2894237041473389,-0.4854399263858795
1758972903929900500,6.318900634765625,1.8682889938354492,-3.309518814086914,-0.9184768199920654
1758972903939857700,6.328857666015625,1.3763786554336548,-4.214053630828857,-0.7895164489746094
1758972903949813500,6.3388134765625,0.8214895725250244,-5.24605655670166,-0.6145119071006775
1758972903959770600,6.3487705078125,0.24363823235034943,-7.00201940536499,-0.5744395852088928
1758972903969727700,6.358727783203125,-0.3146916329860687,-9.738283157348633,-0.16168023645877838
1758972903979684600,6.3686845703125,-0.6942765116691589,-12.563397407531738,0.9079232811927795
1758972903989641700,6.378641845703125,-1.068906307220459,-13.056398391723633,1.2863930463790894
1758972903999598800,6.388598876953125,-1.4221551418304443,-3.7875678539276123,0.009357282891869545
1758972904009555500,6.398555419921875,-1.6490468978881836,2.8621511459350586,-2.265937089920044
1758972904019512600,6.4085126953125,-1.8297998905181885,8.765856742858887,-2.9188125133514404
1758972904029469700,6.4184697265625,-1.8185381889343262,11.696661949157715,-2.038076877593994
1758972904039426800,6.4284267578125,-1.6998677253723145,12.82524299621582,-0.6894670724868774
1758972904049383700,6.4383837890625,-1.8838589191436768,12.662952423095703,0.46613067388534546
1758972904059339800,6.44833984375,-2.61228346824646,11.53853702545166,1.2319806814193726
1758972904069296600,6.458296630859375,-3.12876296043396,11.084493637084961,1.845386028289795
1758972904079253800,6.468253662109375,-2.806586503982544,10.642125129699707,2.1208548545837402
1758972904089210600,6.478210693359375,-1.015562891960144,9.396408081054688,1.9370254278182983
1758972904099167500,6.48816748046875,1.555526852607727,7.067081451416016,1.8802827596664429
1758972904109124600,6.49812451171875,4.035922050476074,4.136233806610107,1.6057716608047485
1758972904119081700,6.508081787109375,6.263268947601318,0.25978389382362366,0.9776672124862671
1758972904129038600,6.51803857421875,7.424994945526123,-4.095855712890625,0.21149227023124695
1758972904138995700,6.52799560546875,7.671544551849365,-7.8990325927734375,-0.2000361531972885
1758972904148952800,6.537952880859375,7.22984504699707,-10.698382377624512,-0.02515914849936962
1758972904158908700,6.54790869140625,6.270639419555664,-12.296648025512695,0.6971266269683838
1758972904168865800,6.55786572265625,5.064358711242676,-12.551599502563477,1.7296082973480225
1758972904178822700,6.56782275390625,3.745039701461792,-11.897210121154785,2.978163242340088
1758972904188779500,6.577779541015625,3.15983510017395,-0.9881049394607544,9.833474159240723
1758972904198736600,6.587736572265625,3.204789161682129,7.916539192199707,12.571600914001465
1758972904208693800,6.59769384765625,3.534411668777466,23.90253448486328,5.966424465179443
1758972904218650600,6.607650634765625,2.812711238861084,24.547710418701172,0.8150439262390137
1758972904228607700,6.617607666015625,1.837695598602295,19.752946853637695,-1.5758416652679443
1758972904238564600,6.627564697265625,1.6469382047653198,7.4602813720703125,-0.4177309274673462
1758972904248521700,6.637521728515625,2.1197617053985596,-1.849104642868042,0.7253867387771606
1758972904258477600,6.6474775390625,2.745479106903076,-6.369688034057617,1.2687757015228271
1758972904268434700,6.6574345703125,2.7213480472564697,-5.958924770355225,-0.22655804455280304
1758972904278391600,6.6673916015625,2.333885908126831,-3.4453318119049072,-1.7202800512313843
1758972904288348700,6.6773486328125,1.9106005430221558,-3.2762300968170166,-1.208843469619751
1758972904298305800,6.687305908203125,1.0762025117874146,-3.5740182399749756,-0.43317192792892456
1758972904308262700,6.6972626953125,-0.01392673421651125,-3.400132894515991,-0.20672094821929932
1758972904318219800,6.7072197265625,-0.8093255758285522,-2.5346195697784424,-0.6287432909011841
1758972904328176600,6.7171767578125,-1.237163782119751,-1.5288203954696655,-1.2310792207717896
1758972904338133500,6.727133544921875,-1.611640453338623,-1.041720986366272,-1.5629615783691406
1758972904348090600,6.737090576171875,-1.9858976602554321,-0.8507715463638306,-1.7310009002685547
1758972904358047700,6.7470478515625,-2.289790153503418,-0.6329191327095032,-1.880869746208191
1758972904368003600,6.757003662109375,-2.5095627307891846,-0.30609333515167236,-2.0158262252807617
1758972904377960700,6.766960693359375,-2.721100330352783,0.09097704291343689,-2.076730489730835
1758972904387917800,6.776917724609375,-3.0170371532440186,0.29751530289649963,-1.9761067628860474
1758972904397874700,6.786874755859375,-3.338210344314575,0.3125312626361847,-1.8880400657653809
1758972904407831600,6.79683154296875,-3.786689043045044,0.18362681567668915,-1.9793212413787842
1758972904417788700,6.80678857421875,-4.483217716217041,-0.2211528867483139,-2.1490120887756348
1758972904427745500,6.81674560546875,-5.392667770385742,-0.8646817803382874,-2.3338074684143066
1758972904437702700,6.82670263671875,-6.376067161560059,-1.693311095237732,-2.693254232406616
1758972904447659800,6.83665966796875,-7.38266658782959,-2.4209611415863037,-3.3729617595672607
1758972904457617000,6.846616943359375,-8.381622314453125,-3.284369468688965,-4.163603782653809
1758972904467573800,6.85657373046875,-8.561346054077148,-3.807668447494507,-4.620695114135742
1758972904477530600,6.866530517578125,-6.965168476104736,-3.50779128074646,-4.1996002197265625
1758972904487486700,6.87648681640625,-4.05962610244751,1.0640324354171753,-0.5784585475921631
1758972904497443600,6.886443603515625,-1.9601826667785645,2.7066454887390137,0.6751065254211426
1758972904507400700,6.896400634765625,-1.1827508211135864,2.989821195602417,0.6297433376312256
1758972904517357600,6.906357666015625,-1.121647596359253,2.260322332382202,0.13574397563934326
1758972904527314700,6.916314697265625,-1.4203159809112549,1.0286041498184204,-0.15873877704143524
1758972904537271800,6.926271728515625,-1.750921368598938,-0.36618223786354065,-0.2493741363286972
1758972904547228700,6.936228759765625,-2.0480141639709473,-1.7269009351730347,-0.17962409555912018
1758972904557185500,6.946185546875,-2.179072141647339,-2.8247289657592773,-0.10081103444099426
1758972904567142700,6.956142578125,-2.016430139541626,-3.2664568424224854,-0.27886784076690674
1758972904577099800,6.966099853515625,-1.6615688800811768,-3.2447128295898438,-0.5165512561798096
1758972904587056600,6.976056640625,-1.1699234247207642,-2.865116834640503,-0.713026225566864
1758972904597012700,6.9860126953125,-0.604084312915802,-2.1625828742980957,-0.7766866683959961
1758972904606969600,6.995969482421875,-0.054488275200128555,-1.42359459400177,-0.6112191677093506
1758972904616926700,7.0059267578125,0.4952632784843445,-1.1183174848556519,-0.21208909153938293
1758972904626883800,7.0158837890625,1.051708459854126,-0.9922304153442383,0.2815552353858948
1758972904636840700,7.0258408203125,1.6299086809158325,-0.30434924364089966,0.5328143835067749
1758972904646797600,7.035797607421875,2.1989450454711914,1.5181759595870972,-0.5482069253921509
1758972904656754400,7.04575439453125,2.568099021911621,2.3176352977752686,-1.2168827056884766
1758972904666711600,7.055711669921875,2.1849870681762695,2.206743001937866,-1.1527793407440186
1758972904676668700,7.065668701171875,1.6282135248184204,0.8395500779151917,-0.47227832674980164
1758972904686625500,7.07562548828125,0.9779862761497498,-1.3761965036392212,-0.01296346914023161
1758972904696582700,7.085582763671875,0.4330768585205078,-4.53549861907959,0.532654345035553
1758972904706538800,7.095538818359375,0.03735535964369774,-7.327481746673584,0.9050965905189514
1758972904716495600,7.10549560546875,-0.26479172706604004,-10.206923484802246,1.0102488994598389
1758972904726452500,7.115452392578125,-0.5082224607467651,-14.628398895263672,0.15806420147418976
1758972904736409600,7.12540966796875,-1.0858548879623413,-18.88937759399414,-3.5547986030578613
1758972904746366500,7.135366455078125,-1.581619381904602,-4.28579044342041,-3.4840025901794434
1758972904756323600,7.145323486328125,-1.4223490953445435,6.12306547164917,-3.9103944301605225
1758972904766280700,7.15528076171875,-0.9239856004714966,11.673555374145508,-3.6150662899017334
1758972904776237600,7.165237548828125,-0.42407137155532837,13.97839641571045,-2.531583786010742
1758972904786194700,7.175194580078125,0.15833798050880432,13.002830505371094,-0.46230319142341614
1758972904796151600,7.185151611328125,0.5958474278450012,10.5741548538208,1.0670511722564697
1758972904806108400,7.1951083984375,0.989266574382782,8.214451789855957,1.306578278541565
1758972904816065500,7.2050654296875,1.8661243915557861,5.452002048492432,0.9262431859970093
1758972904826021600,7.215021728515625,3.100968837738037,2.837716817855835,0.6676685810089111
1758972904835978500,7.224978515625,4.3573784828186035,0.22390925884246826,0.4213986396789551
1758972904845935600,7.234935546875,5.382364749908447,-3.025163412094116,0.6068758368492126
1758972904855892700,7.244892822265625,5.817974090576172,-6.430351734161377,1.5541483163833618
1758972904865849600,7.254849609375,5.509991645812988,-8.830835342407227,3.13488507270813
1758972904875806500,7.264806396484375,4.479427337646484,-9.584451675415039,4.952719211578369
1758972904885763600,7.274763671875,3.0275306701660156,-9.2702054977417,6.4271416664123535
1758972904895720400,7.284720458984375,1.6374543905258179,-8.704523086547852,7.292751312255859
1758972904905677600,7.294677490234375,0.5767072439193726,-8.210923194885254,7.55907678604126
1758972904915634700,7.304634765625,-0.21240733563899994,-5.63395881652832,7.826179027557373
1758972904925591600,7.314591552734375,-0.207660511136055,14.111592292785645,5.8716888427734375
1758972904935548400,7.32454833984375,1.0729197263717651,17.91039276123047,0.4446443021297455
1758972904945505500,7.334505615234375,1.3299651145935059,12.001354217529297,-1.1833792924880981
1758972904955461400,7.34446142578125,1.0732976198196411,3.7026381492614746,-0.7626438140869141
1758972904965418500,7.35441845703125,0.9076598882675171,-0.44425174593925476,-0.7866072058677673
1758972904975375600,7.364375732421875,0.7546873688697815,-2.4100353717803955,-1.1413605213165283
1758972904985332500,7.37433251953125,0.5256859064102173,-3.773638963699341,-1.4417294263839722
1758972904995289600,7.38428955078125,0.2517068088054657,-4.9458699226379395,-1.590218186378479
1758972905005246700,7.394246826171875,-0.08646884560585022,-5.540064334869385,-1.5443156957626343
1758972905015203600,7.40420361328125,-0.5086951851844788,-5.235165119171143,-1.3281363248825073
1758972905025160400,7.414160400390625,-0.9595526456832886,-3.80741024017334,-1.1746159791946411
1758972905035117600,7.42411767578125,-1.3733519315719604,-0.3300202488899231,-1.4132663011550903
1758972905045074400,7.434074462890625,-1.834100604057312,1.9819532632827759,-1.4693341255187988
1758972905055031600,7.444031494140625,-1.9904752969741821,1.932360053062439,-0.8653044700622559
1758972905064988700,7.45398876953125,-2.069580316543579,1.3991094827651978,-0.8692722916603088
1758972905074944500,7.463944580078125,-2.4396262168884277,0.8993295431137085,-1.3698946237564087
1758972905084901600,7.473901611328125,-3.0178518295288086,0.1444770246744156,-1.503302812576294
1758972905094858800,7.483858642578125,-3.360243320465088,-0.6207740306854248,-1.468335509300232
1758972905104815400,7.4938154296875,-3.223475694656372,-1.3472801446914673,-1.5394490957260132
1758972905114772500,7.5037724609375,-2.6574063301086426,-2.307943344116211,-2.050175666809082
1758972905124729600,7.5137294921875,-1.932326078414917,-3.2198126316070557,-2.681364059448242
1758972905134686500,7.5236865234375,-1.5147311687469482,-3.477308511734009,-3.071737766265869
1758972905144643600,7.5336435546875,-1.2776243686676025,-3.2633817195892334,-3.2078518867492676
1758972905154600700,7.5436005859375,-1.221021056175232,-2.857661008834839,-3.410999059677124
1758972905164557600,7.5535576171875,-1.353423833847046,-2.26346755027771,-3.864206314086914
1758972905174514400,7.563514404296875,-1.6338492631912231,-1.5868066549301147,-4.5347676277160645
1758972905184471600,7.573471435546875,-1.9646048545837402,-1.1866766214370728,-5.126797676086426
1758972905194428400,7.583428466796875,-2.3020966053009033,-1.5210447311401367,-5.154441833496094
1758972905204384500,7.593384521484375,-2.5341851711273193,-2.5267231464385986,-4.73361873626709
1758972905214341600,7.603341552734375,-2.2395291328430176,-2.444301128387451,-3.1395621299743652
1758972905224298500,7.613298583984375,-1.128470540046692,-1.7280445098876953,-0.4979570508003235
1758972905234255600,7.623255615234375,0.4694412648677826,-1.8998059034347534,1.395725131034851
1758972905244212700,7.633212646484375,2.9190673828125,-2.457885503768921,2.67059326171875
1758972905254169300,7.64316943359375,2.156517744064331,-3.307968854904175,3.164968252182007
1758972905264126500,7.65312646484375,0.39458832144737244,-3.727722644805908,3.3786396980285645
1758972905274083600,7.66308349609375,-1.0694586038589478,-3.627756357192993,3.298020124435425
1758972905284040400,7.67304052734375,-1.932033658027649,-3.5665855407714844,2.597867965698242
1758972905293997600,7.68299755859375,-2.290508508682251,-3.589925527572632,1.4736034870147705
1758972905303954700,7.69295458984375,-2.4488844871520996,-3.7771029472351074,0.4834691882133484
1758972905313911600,7.70291162109375,-2.5781517028808594,-3.845822811126709,-0.200226828455925
1758972905323868400,7.712868408203125,-2.646012783050537,-3.4938242435455322,-0.6416953206062317
1758972905333824500,7.722824462890625,-2.5031495094299316,-2.7351233959198,-0.9372785091400146
1758972905343781400,7.732781494140625,-2.205390214920044,-1.7166248559951782,-1.00615394115448
1758972905353738500,7.742738525390625,-1.9180890321731567,-0.5714283585548401,-0.8243095874786377
1758972905363695600,7.752695556640625,-1.508546233177185,-0.04936222359538078,-0.03874233737587929
1758972905373652500,7.762652587890625,-0.9692939519882202,0.05224243178963661,1.1703964471817017
1758972905383609600,7.772609619140625,-0.48515602946281433,-1.2653207778930664,1.3226042985916138
1758972905393566700,7.782566650390625,-0.020891966298222542,-3.224910259246826,1.091549277305603
1758972905403523300,7.7925234375,0.4695557653903961,-4.451074123382568,2.071336269378662
1758972905413480400,7.80248046875,0.7453452944755554,-5.427667617797852,2.3806636333465576
1758972905423437600,7.8124375,0.717586874961853,-7.00554895401001,1.7601451873779297
1758972905433394700,7.822394775390625,0.4437982141971588,-8.523988723754883,1.481263518333435
1758972905443351600,7.8323515625,-0.10488087683916092,-9.05752182006836,1.4734777212142944
1758972905453308700,7.84230859375,-0.8386738896369934,-8.313572883605957,1.5159831047058105
1758972905463265500,7.852265625,-1.6464120149612427,-6.323833465576172,2.0825438499450684
1758972905473221600,7.8622216796875,-2.275738477706909,-3.405566453933716,3.006859540939331
1758972905483178500,7.872178466796875,-2.537491798400879,-1.2516052722930908,3.9106383323669434
1758972905493135400,7.88213525390625,-2.3571505546569824,-0.3695192039012909,4.703657627105713
1758972905503092500,7.892092529296875,-1.9304860830307007,-0.4820832908153534,5.72598123550415
1758972905513049600,7.902049560546875,-1.6562843322753906,-1.7469220161437988,5.80615234375
1758972905523006700,7.9120068359375,-1.5858505964279175,-3.6506409645080566,5.074800968170166
1758972905532963600,7.921963623046875,-1.4112844467163086,-4.8204755783081055,4.089296817779541
1758972905542920700,7.931920654296875,-1.2756158113479614,-4.005041599273682,2.623243808746338
1758972905552877600,7.941877685546875,-1.2742184400558472,-2.2367262840270996,1.1937174797058105
1758972905562834400,7.95183447265625,-1.2534271478652954,-1.5663517713546753,0.40048137307167053
1758972905572791600,7.96179150390625,-1.4406156539916992,-2.5097813606262207,-0.12497922033071518
1758972905582748700,7.971748779296875,-1.307544469833374,-2.0752410888671875,-1.835593342781067
1758972905592705500,7.98170556640625,-1.661790132522583,-2.5383405685424805,-1.8035608530044556
1758972905602662700,7.99166259765625,-1.5583020448684692,-2.38077712059021,-1.4704316854476929
1758972905612618500,8.001618408203125,-0.989787220954895,-2.4187188148498535,-0.6221621036529541
1758972905622575600,8.01157568359375,-0.5280550122261047,-2.269197940826416,0.3532496690750122
1758972905632532500,8.021532470703125,-0.4981219172477722,-1.6346248388290405,1.2515504360198975
1758972905642489600,8.031489501953125,-0.9214185476303101,-0.8698379397392273,1.7859485149383545
1758972905652446500,8.041446533203125,-1.4518393278121948,-1.1091653108596802,1.9573155641555786
1758972905662404000,8.051404052734375,-1.6620428562164307,-2.125389337539673,1.787164568901062
1758972905672361200,8.061361328125,-1.5666838884353638,-2.935180187225342,1.712981104850769
1758972905682318000,8.071318115234375,-1.230682373046875,-2.669854164123535,1.8043075799942017
1758972905692275000,8.08127490234375,-0.45670443773269653,2.187884569168091,-0.058579422533512115
1758972905702232000,8.091232177734375,0.4434802234172821,4.428661823272705,-0.36152970790863037
1758972905712189000,8.10118896484375,1.1607656478881836,0.6235490441322327,0.5288811326026917
1758972905722146000,8.11114599609375,1.8538482189178467,-3.156515598297119,1.291943907737732
1758972905732103200,8.121103271484374,1.9920392036437988,-4.590651988983154,1.9720654487609863
1758972905742060000,8.13106005859375,1.8871984481811523,-3.696066379547119,2.3200395107269287
1758972905752016100,8.14101611328125,1.5505414009094238,-2.197497844696045,2.6475331783294678
1758972905761973000,8.150972900390625,0.7814087271690369,-1.1817388534545898,2.822091579437256
1758972905771929900,8.160929931640625,-0.16479267179965973,-1.0524183511734009,2.8176815509796143
1758972905781887000,8.170886962890625,-1.163191795349121,-0.3606804311275482,2.4560763835906982
1758972905791844000,8.180843994140625,-1.8717697858810425,0.6696302890777588,1.7069847583770752
1758972905801801000,8.190801025390625,-1.6936548948287964,0.8687830567359924,1.289471983909607
1758972905811758000,8.200758056640625,-1.592450737953186,0.05751762166619301,0.8607088923454285
1758972905821715200,8.210715087890625,-1.6342532634735107,-1.2323591709136963,0.4640675485134125
1758972905831672000,8.220672119140625,-1.7182371616363525,-1.7641465663909912,0.574803352355957
1758972905841629000,8.23062890625,-1.399980068206787,-1.7495439052581787,0.3715173602104187
1758972905851586000,8.2405859375,-0.8568984270095825,-1.402078628540039,-0.017008544877171516
1758972905861543000,8.25054296875,-0.7217182517051697,-1.2735414505004883,-0.37057992815971375
1758972905871500000,8.2605,-0.6672036051750183,-1.5242080688476562,-0.2693345248699188
1758972905881457200,8.27045703125,-0.3730041980743408,-2.103388547897339,0.34433233737945557
1758972905891414000,8.2804140625,-0.24415861070156097,-1.1210787296295166,1.437993049621582
1758972905901371000,8.290370849609374,0.15693022310733795,0.09647487103939056,2.42384934425354
1758972905911327200,8.3003271484375,0.29348087310791016,1.508682131767273,3.445516586303711
1758972905921283800,8.310283935546876,0.03207964077591896,3.308727502822876,4.06556510925293
1758972905931241000,8.320240966796876,-0.2101825326681137,4.904813289642334,3.898590564727783
1758972905941198000,8.330197998046875,-0.5565053224563599,5.539214134216309,3.0861284732818604
1758972905951155000,8.340155029296875,-0.9445891380310059,5.096652030944824,2.191439151763916
1758972905961112000,8.350112060546875,-1.3446763753890991,4.324184894561768,1.3929080963134766
1758972905971069200,8.360069091796875,-1.9116401672363281,3.733536720275879,0.834735095500946
1758972905981026000,8.370026123046875,-2.6669883728027344,3.320805311203003,0.6867008805274963
1758972905990983000,8.37998291015625,-3.4173760414123535,3.3735923767089844,0.9683517217636108
1758972906000940000,8.38993994140625,-4.141046524047852,3.7243258953094482,1.6459659337997437
1758972906010897000,8.39989697265625,-4.7276811599731445,4.01035737991333,2.461446762084961
1758972906020854000,8.40985400390625,-5.212553024291992,4.318349838256836,3.225351333618164
1758972906030811100,8.41981103515625,-5.63974142074585,4.647537708282471,3.902860641479492
1758972906040768000,8.42976806640625,-5.94003438949585,4.69978141784668,4.375267505645752
1758972906050724900,8.439724853515624,-6.063445568084717,4.448514938354492,4.514073848724365
1758972906060681200,8.44968115234375,-6.039526462554932,4.1832990646362305,4.437190532684326
1758972906070637800,8.459637939453126,-5.934873580932617,3.915680408477783,4.214842796325684
1758972906080595000,8.469594970703126,-5.654233455657959,3.533430337905884,3.7844979763031006
1758972906090552000,8.479552001953126,-5.348395824432373,3.3134491443634033,3.2992465496063232
1758972906100509000,8.489509033203126,-5.093069076538086,3.4739787578582764,2.990581750869751
1758972906110466000,8.499466064453125,-4.800610065460205,3.86696457862854,2.8145041465759277
1758972906120423200,8.509423095703125,-4.4839630126953125,4.29925012588501,2.7967398166656494
1758972906130380000,8.519380126953125,-4.0926947593688965,4.614723205566406,2.847062110900879
1758972906140337000,8.5293369140625,-3.611449718475342,4.477644920349121,2.8122918605804443
1758972906150294000,8.5392939453125,-3.1356303691864014,3.9230778217315674,2.723384141921997
1758972906160251000,8.5492509765625,-2.709420680999756,3.067232370376587,2.6548407077789307
1758972906170208000,8.5592080078125,-2.274181604385376,1.91688072681427,2.439131498336792
1758972906180165000,8.5691650390625,-1.7791715860366821,0.8202182054519653,1.9836435317993164
1758972906190122200,8.579122314453125,-1.2953826189041138,0.3944234848022461,1.4885450601577759
1758972906200078800,8.589078857421875,-0.8449456691741943,0.9274479746818542,1.1148253679275513
1758972906210036000,8.599035888671875,-0.45748552680015564,1.9913309812545776,0.8409080505371094
1758972906219991800,8.60899169921875,-0.18533363938331604,3.0383996963500977,0.6145433187484741
1758972906229949000,8.618948974609374,-0.28636544942855835,3.859654426574707,1.1243200302124023
1758972906239906000,8.628906005859376,-0.33770135045051575,3.9409055709838867,1.1651779413223267
1758972906249863000,8.63886279296875,-0.7192830443382263,3.419593572616577,1.2772184610366821
1758972906259820000,8.648820068359376,-1.3087681531906128,2.7633755207061768,1.5967386960983276
1758972906269777200,8.658777099609376,-1.8209856748580933,1.9480016231536865,1.9599584341049194
1758972906279734000,8.668734130859375,-2.419036626815796,0.6924461126327515,2.4699573516845703
1758972906289691000,8.67869091796875,-2.5970587730407715,0.7809709310531616,2.3612191677093506
1758972906299648000,8.68864794921875,-2.5973689556121826,0.17189958691596985,2.2335572242736816
1758972906309605000,8.698605224609375,-2.4560258388519287,-0.304474413394928,2.026066303253174
1758972906319562000,8.70856201171875,-2.338853597640991,-0.789695680141449,1.773940086364746
1758972906329519000,8.71851904296875,-2.2899246215820312,-0.9264069199562073,1.4284753799438477
1758972906339476200,8.728476318359375,-2.3108017444610596,-0.6394201517105103,0.9809290170669556
1758972906349432800,8.738432861328125,-2.3996098041534424,-0.023935159668326378,0.4757678806781769
1758972906359390000,8.748389892578125,-2.557415723800659,0.7700133323669434,0.09262101352214813
1758972906369347000,8.75834716796875,-2.7270615100860596,1.3528841733932495,0.01423672679811716
1758972906379303000,8.768302978515624,-2.9206008911132812,1.4232231378555298,-0.002326004905626178
1758972906389260000,8.778260009765624,-3.0332162380218506,0.9926913976669312,-0.09881685674190521
1758972906399217200,8.788217041015624,-2.967017889022827,0.5632764101028442,-0.26466307044029236
1758972906409174000,8.798174072265626,-2.7194175720214844,0.3711301386356354,-0.40693339705467224
1758972906419131100,8.808131103515626,-2.4101855754852295,0.5252853631973267,-0.4424208402633667
1758972906429088000,8.818087890625,-2.11820650100708,0.967070996761322,-0.43386781215667725
1758972906439044900,8.828044921875,-1.8184393644332886,0.7347650527954102,-0.4736708998680115
1758972906449002000,8.838001953125,-1.4312360286712646,0.29819759726524353,-0.4357472062110901
1758972906458959000,8.847958984375,-1.0375542640686035,-0.13052178919315338,-0.3080398440361023
1758972906468916000,8.857916015625,-0.7977783679962158,-0.3571179211139679,-0.10263662785291672
1758972906478873000,8.867873046875,-0.6624704003334045,-0.37684500217437744,0.11389967054128647
1758972906488830200,8.877830322265625,-0.5872573852539062,-0.39105191826820374,0.29696083068847656
1758972906498786800,8.887786865234375,-0.5014697909355164,-0.4040294885635376,0.40215834975242615
1758972906508744000,8.897743896484375,-0.34168702363967896,-0.30219581723213196,0.4069080948829651
1758972906518701000,8.907701171875,-0.14751489460468292,-0.08093798905611038,0.3286204934120178
1758972906528658000,8.917657958984375,0.012956811115145683,0.1705877184867859,0.22516600787639618
1758972906538614000,8.927614013671874,0.08132334798574448,0.3875493109226227,0.14085271954536438
1758972906548571100,8.937571044921874,0.09243805706501007,0.47472628951072693,0.10095883905887604
1758972906558528000,8.947528076171874,0.06784749031066895,0.32015112042427063,0.10499618947505951
1758972906568485000,8.957485107421874,-0.01774251088500023,-0.039269641041755676,0.14697080850601196
1758972906578442000,8.96744189453125,-0.10315408557653427,-0.46352237462997437,0.17111848294734955
1758972906588398800,8.97739892578125,-0.12354670464992523,-0.6873048543930054,0.13582760095596313
1758972906598356000,8.98735595703125,-0.12546631693840027,-0.6360734105110168,0.006882407236844301
1758972906608313000,8.99731298828125,-0.13592667877674103,-0.4327455759048462,-0.19609734416007996
1758972906618270000,9.00727001953125,-0.1291702389717102,-0.20368096232414246,-0.4156848192214966
1758972906628227000,9.01722705078125,-0.10607929527759552,0.00694951880723238,-0.5968740582466125
1758972906638184200,9.02718408203125,-0.08318676799535751,0.14859560132026672,-0.7148107886314392
1758972906648140800,9.037140869140625,-0.07384838908910751,0.12679922580718994,-0.8095027208328247
1758972906658097700,9.04709765625,-0.07542471587657928,-0.04469263553619385,-0.9107675552368164
1758972906668054800,9.0570546875,-0.12100232392549515,-0.29267287254333496,-0.9022371768951416
1758972906678011600,9.06701171875,-0.20134003460407257,-0.5606366991996765,-0.7706725001335144
1758972906687968800,9.07696875,-0.3215617835521698,-0.7675246000289917,-0.5907652974128723
1758972906697924900,9.0869248046875,-0.4564668834209442,-0.874110996723175,-0.45584794878959656
1758972906707881700,9.0968818359375,-0.5279756784439087,-0.9072678685188293,-0.4058878421783447
1758972906717838800,9.1068388671875,-0.5100459456443787,-0.8476250171661377,-0.4198971390724182
1758972906727795700,9.116795654296874,-0.4547185003757477,-0.6537131071090698,-0.45695582032203674
1758972906737752600,9.126752685546874,-0.4034028649330139,-0.3861178755760193,-0.5019485950469971
1758972906747709700,9.136709716796876,-0.343472421169281,-0.2721042335033417,-0.5532951354980469
1758972906757666800,9.146666748046876,-0.2509211599826813,-0.3647870123386383,-0.5730510354042053
1758972906767623700,9.156623779296876,-0.1323750913143158,-0.5020577907562256,-0.5184796452522278
1758972906777580800,9.166580810546876,-0.04186675697565079,-0.5736310482025146,-0.405489981174469
1758972906787538000,9.176537841796875,-0.013492106460034847,-0.581230103969574,-0.28620511293411255
1758972906797494800,9.186494873046875,-0.0022386531345546246,-0.5948058366775513,-0.18632858991622925
1758972906807451600,9.19645166015625,-0.007440339308232069,-0.621505618095398,-0.09572040289640427
1758972906817408800,9.20640869140625,-0.04731585085391998,-0.6328336596488953,-0.006654706783592701
1758972906827366000,9.216365966796875,-0.11287675052881241,-0.6178333759307861,0.08098272979259491
1758972906837322800,9.22632275390625,-0.1839226931333542,-0.5677478313446045,0.13762204349040985
1758972906847279900,9.23627978515625,-0.24826067686080933,-0.5409132838249207,0.15312376618385315
1758972906857236700,9.24623681640625,-0.2937900722026825,-0.509641170501709,0.14344850182533264
1758972906867192800,9.25619287109375,-0.3252992630004883,-0.4613766670227051,0.12203695625066757
1758972906877149700,9.266149658203124,-0.3057253062725067,-0.42866480350494385,0.09487617760896683
1758972906887106600,9.2761064453125,-0.24736745655536652,-0.3866760730743408,0.11329806596040726
1758972906897063700,9.286063720703124,-0.1957375407218933,-0.30433034896850586,0.16253139078617096
1758972906907020800,9.296020751953124,-0.17462560534477234,-0.21341827511787415,0.1983615607023239
1758972906916978000,9.30597802734375,-0.17573614418506622,-0.13803669810295105,0.19861428439617157
1758972906926934800,9.315934814453126,-0.2054775208234787,-0.08362352102994919,0.18402975797653198
1758972906936892000,9.325891845703126,-0.25843554735183716,-0.024516528472304344,0.146929532289505
1758972906946848800,9.335848876953126,-0.30315935611724854,0.009031577967107296,0.08544006943702698
1758972906956805600,9.3458056640625,-0.3343936800956726,-0.05187225341796875,0.049785930663347244
1758972906966762800,9.3557626953125,-0.3519415259361267,-0.15852147340774536,0.05735863000154495
1758972906976720000,9.365719970703125,-0.3401583731174469,-0.22328847646713257,0.08901935815811157
1758972906986676700,9.3756767578125,-0.29885435104370117,-0.24804335832595825,0.12700001895427704
1758972906996633900,9.3856337890625,-0.24389681220054626,-0.2420525848865509,0.1533253788948059
1758972907006590700,9.3955908203125,-0.1753166913986206,-0.19066448509693146,0.15693235397338867
1758972907016546800,9.405546875,-0.09831538796424866,-0.10226192325353622,0.15745939314365387
1758972907026503700,9.415503662109375,-0.055816926062107086,0.013189838267862797,0.17696598172187805
1758972907036460800,9.425460693359375,-0.05800258368253708,0.14029452204704285,0.20743361115455627
1758972907046417700,9.435417724609374,-0.09202499687671661,0.2430238276720047,0.23037594556808472
1758972907056374800,9.445374755859374,-0.1475023776292801,0.3040107488632202,0.20924802124500275
1758972907066332000,9.455331787109374,-0.21433785557746887,0.27446749806404114,0.09503490477800369
1758972907076288800,9.465288818359374,-0.1957111805677414,0.13778476417064667,-0.02173032984137535
1758972907086246000,9.475245849609376,-0.28313183784484863,0.1809772402048111,0.295919269323349
1758972907096202800,9.48520263671875,-0.38185468316078186,-0.021942317485809326,0.6198797821998596
1758972907106159600,9.49515966796875,-0.3842446208000183,0.07037429511547089,0.7371866703033447
1758972907116116700,9.50511669921875,-0.30214521288871765,0.16684038937091827,0.5925461649894714
1758972907126073900,9.515073974609376,-0.19706033170223236,0.19537508487701416,0.27815040946006775
1758972907136030700,9.52503076171875,-0.06908585876226425,0.19140644371509552,-0.04676244407892227
1758972907145987800,9.53498779296875,0.0415722094476223,0.16340729594230652,-0.2657616436481476
1758972907155944700,9.54494482421875,0.06579206138849258,0.19698123633861542,-0.3306061327457428
